{
  "PlayTime": 178.0545,
  "SaveCharacterInfo": [
    {
      "Exist": true,
      "Dead": false,
      "Name": "Heail",
      "Skill": [
        9101,
        9102,
        9103,
        9104
      ],
      "HaveSkill": [
        9101,
        9102,
        9103,
        9104
      ],
      "MaximumHp": 100.0,
      "CurrentHp": 100.0,
      "MaximumMp": 130.0,
      "CurrentMp": 70.0
    },
    {
      "Exist": true,
      "Dead": false,
      "Name": "Cavil",
      "Skill": [
        9201,
        9202,
        9203,
        9204
      ],
      "HaveSkill": [
        9201,
        9202,
        9203,
        9204
      ],
      "MaximumHp": 120.0,
      "CurrentHp": 120.0,
      "MaximumMp": 105.0,
      "CurrentMp": 105.0
    },
    {
      "Exist": true,
      "Dead": false,
      "Name": "Lippi",
      "Skill": [
        9301,
        9302,
        9303,
        9304
      ],
      "HaveSkill": [
        9301,
        9302,
        9303,
        9304
      ],
      "MaximumHp": 95.0,
      "CurrentHp": 95.0,
      "MaximumMp": 140.0,
      "CurrentMp": 140.0
    }
  ],
  "SaveItem": [
    {
      "Code": 2002,
      "Amount": 0
    }
  ],
  "SaveUseItem": [
    {
      "Code": 2002,
      "Count": 1
    }
  ],
  "SavePos": {
    "Code": 8401,
    "X": 16.5466576,
    "Y": -0.314325184,
    "Chapter": 1
  },
  "SaveMonster": [],
  "SaveFindEvent": [],
  "SaveFindItem": [
    {
      "Code": 8404,
      "X": -4,
      "Y": 2,
      "Z": 0
    }
  ],
  "SaveEvent": [
    20002,
    6000,
    20003,
    10002,
    20001,
    6002,
    6003,
    10001
  ],
  "SaveTutorial": [
    10001,
    10002
  ]
}